UPM00033345,"UPM00033345,"
UPM00033475,"UPM00033475,"
UPM00033484,"UPM00033484,"
UPM00033487,"UPM00033487,"
UPM00033581,"UPM00033581,"
UPM00033586,"UPM00033586,"
UPM00033587,"UPM00033587,"
UPM00033593,"UPM00033593,"
UPM00033605,"UPM00033605,"
UPM00033317,"UPM00033317,"
UPM00033421,"UPM00033421,"
UPM00033429,"UPM00033429,"
UPM00033548,"UPM00033548,"
UPM00033557,"UPM00033557,"
UPM00033862,"UPM00033862,"
UPM00033869,"UPM00033869,"
UPM00033877,"UPM00033877,"
UPM00033902,"UPM00033902,"
UPM00033907,"UPM00033907,"
UPM00033910,"UPM00033910,"
UPM00033913,"UPM00033913,"
UPM00033915,"UPM00033915,"
UPM00034208,"UPM00034208,"
UPM00034300,"UPM00034300,"
UPM00034302,"UPM00034302,"
UPM00034304,"UPM00034304,"
UPM00034312,"UPM00034312,"
UPM00034317,"UPM00034317,"
UPM00034319,"UPM00034319,"
UPM00034401,"UPM00034401,"
UPM00034409,"UPM00034409,"
UPM00034415,"UPM00034415,"
UPM00033058,"UPM00033058,"
UPM00033156,"UPM00033156,"
UPM00033261,"UPM00033261,"
UPM00033268,"UPM00033268,"
UPM00033271,"UPM00033271,"
UPM00033275,"UPM00033275,"
UPM00033382,"UPM00033382,"
UPM00033368,"UPM00033368,"
UPM00033374,"UPM00033374,"
UPM00033376,"UPM00033376,"
UPM00033377,"UPM00033377,"
UPM00033495,"UPM00033495,"
UPM00033506,"UPM00033506,"
UPM00033615,"UPM00033615,"
UPM00033621,"UPM00033621,"
UPM00033759,"UPM00033759,"
UPM00033761,"UPM00033761,"
UPM00033830,"UPM00033830,"
UPM00033833,"UPM00033833,"
UPM00033834,"UPM00033834,"
UPM00033837,"UPM00033837,"
UPM00033887,"UPM00033887,"
UPM00033889,"UPM00033889,"
UPM00033896,"UPM00033896,"
UPM00033898,"UPM00033898,"
UPM00033598,"UPM00033598,"
UPM00033609,"UPM00033609,"
UPM00033614,"UPM00033614,"
UPM00033686,"UPM00033686,"
UPM00033705,"UPM00033705,"
UPM00033711,"UPM00033711,"
UPM00033717,"UPM00033717,"
UPM00033719,"UPM00033719,"
UPM00033222,"UPM00033222,"
UPM00033228,"UPM00033228,"
UPM00033231,"UPM00033231,"
UPM00033339,"UPM00033339,"
UPM00033342,"UPM00033342,"
UPM00033347,"UPM00033347,"
UPM00033354,"UPM00033354,"
UPM00033356,"UPM00033356,"
UPM00033464,"UPM00033464,"
UPM00033466,"UPM00033466,"
UPM00034601,"UPM00034601,"
UPM00034606,"UPM00034606,"
UPM00034607,"UPM00034607,"
UPM00034609,"UPM00034609,"
UPM00034704,"UPM00034704,"
UPM00034708,"UPM00034708,"
UPM00034419,"UPM00034419,"
UPM00034510,"UPM00034510,"
UPM00034519,"UPM00034519,"
UPM00034524,"UPM00034524,"
UPM00034615,"UPM00034615,"
UPM00034616,"UPM00034616,"
UPM00034622,"UPM00034622,"
UPM00034712,"UPM00034712,"
UPM00033723,"UPM00033723,"
UPM00033732,"UPM00033732,"
UPM00033791,"UPM00033791,"
UPM00033801,"UPM00033801,"
UPM00033805,"UPM00033805,"
UPM00034407,"UPM00034407,"
UPM00034502,"UPM00034502,"
UPM00034504,"UPM00034504,"
UPM00034505,"UPM00034505,"
UPM00034509,"UPM00034509,"
UPM00034514,"UPM00034514,"
UPM00033439,"UPM00033439,"
UPM00033446,"UPM00033446,"
UPM00033562,"UPM00033562,"
UPM00033564,"UPM00033564,"
UPM00033571,"UPM00033571,"
UPM00033577,"UPM00033577,"
UPM00033663,"UPM00033663,"
UPM00033676,"UPM00033676,"
UPM00033299,"UPM00033299,"
UPM00033409,"UPM00033409,"
UPM00033415,"UPM00033415,"
UPM00033536,"UPM00033536,"
UPM00033699,"UPM00033699,"
UPM00033777,"UPM00033777,"
UPM00033788,"UPM00033788,"
UPM00033845,"UPM00033845,"
UPM00033846,"UPM00033846,"
UPM00033848,"UPM00033848,"
KZ000028879,"KZ000028879,"
KZ000028978,"KZ000028978,"
KZ000028984,"KZ000028984,"
KZ000035067,"KZ000035067,"
KZ000035069,"KZ000035069,"
KZ000035078,"KZ000035078,"
KZ000035081,"KZ000035081,"
KZ000035082,"KZ000035082,"
KZ000035085,"KZ000035085,"
KZ000035163,"KZ000035163,"
KZ000035166,"KZ000035166,"
KZ000035169,"KZ000035169,"
KZ000035173,"KZ000035173,"
KZ000035179,"KZ000035179,"
KZ000035182,"KZ000035182,"
KZ000035184,"KZ000035184,"
KZ000035191,"KZ000035191,"
KZ000035263,"KZ000035263,"
KZ000035283,"KZ000035283,"
KZ000035284,"KZ000035284,"
KZ000035381,"KZ000035381,"
KZ000028764,"KZ000028764,"
KZ000028843,"KZ000028843,"
KZ000028854,"KZ000028854,"
KZ000028856,"KZ000028856,"
KZ000028861,"KZ000028861,"
KZ000028867,"KZ000028867,"
KZ000028943,"KZ000028943,"
KZ000028948,"KZ000028948,"
KZ000028952,"KZ000028952,"
KZ000028954,"KZ000028954,"
KZ000028957,"KZ000028957,"
KZ000028967,"KZ000028967,"
KZ000035042,"KZ000035042,"
KZ000035046,"KZ000035046,"
KZ000035053,"KZ000035053,"
KZ000035055,"KZ000035055,"
KZ000035156,"KZ000035156,"
KZ000035157,"KZ000035157,"
KZ000035257,"KZ000035257,"
KZ000035259,"KZ000035259,"
KZ000035358,"KZ000035358,"
KZ000035361,"KZ000035361,"
KZ000035363,"KZ000035363,"
KZ000035368,"KZ000035368,"
KZ000035459,"KZ000035459,"
KZ000035467,"KZ000035467,"
KZ000028676,"KZ000028676,"
KZ000028687,"KZ000028687,"
KZ000028766,"KZ000028766,"
KZ000028775,"KZ000028775,"
KZ000028779,"KZ000028779,"
KZ000028785,"KZ000028785,"
KZ000028863,"KZ000028863,"
KZ000028868,"KZ000028868,"
KZ000028873,"KZ000028873,"
KZ000028877,"KZ000028877,"
KZ000028884,"KZ000028884,"
KZ000028886,"KZ000028886,"
KZ000028888,"KZ000028888,"
KZ000028894,"KZ000028894,"
KZ000028966,"KZ000028966,"
KZ000028975,"KZ000028975,"
KZ000028986,"KZ000028986,"
KZ000028997,"KZ000028997,"
KZ000035188,"KZ000035188,"
RSM00027906,"RSM00027906,"
RSM00034013,"RSM00034013,"
RSM00034240,"RSM00034240,"
RSM00034253,"RSM00034253,"
RSM00034254,"RSM00034254,"
RSM00034262,"RSM00034262,"
RSM00034267,"RSM00034267,"
RSM00034356,"RSM00034356,"
RSM00034357,"RSM00034357,"
RSM00034363,"RSM00034363,"
RSM00034373,"RSM00034373,"
RSM00034452,"RSM00034452,"
RSM00034476,"RSM00034476,"
RSM00034555,"RSM00034555,"
RSM00034560,"RSM00034560,"
RSM00034655,"RSM00034655,"
RSM00034003,"RSM00034003,"
RSM00034009,"RSM00034009,"
RSM00034027,"RSM00034027,"
RSM00034109,"RSM00034109,"
RSM00034123,"RSM00034123,"
RSM00034139,"RSM00034139,"
RSM00034146,"RSM00034146,"
RSM00034231,"RSM00034231,"
RSM00034238,"RSM00034238,"
RSM00034247,"RSM00034247,"
RSM00034336,"RSM00034336,"
RSM00028806,"RSM00028806,"
RSM00028903,"RSM00028903,"
RSM00028909,"RSM00028909,"
RSM00028916,"RSM00028916,"
RSM00035011,"RSM00035011,"
RSM00035015,"RSM00035015,"
RSM00035121,"RSM00035121,"
RSM00035125,"RSM00035125,"
RSM00035127,"RSM00035127,"
RSM00035133,"RSM00035133,"
RSM00035233,"RSM00035233,"
RSM00027595,"RSM00027595,"
RSM00027697,"RSM00027697,"
RSM00028506,"RSM00028506,"
RSM00028517,"RSM00028517,"
RSM00028601,"RSM00028601,"
RSM00028611,"RSM00028611,"
RSM00028704,"RSM00028704,"
RSM00028711,"RSM00028711,"
RSM00034056,"RSM00034056,"
RSM00034063,"RSM00034063,"
RSM00034069,"RSM00034069,"
RSM00034072,"RSM00034072,"
RSM00034083,"RSM00034083,"
RSM00034084,"RSM00034084,"
RSM00034098,"RSM00034098,"
RSM00034152,"RSM00034152,"
RSM00034163,"RSM00034163,"
RSM00034172,"RSM00034172,"
RSM00034186,"RSM00034186,"
RSM00034199,"RSM00034199,"
RSM00034273,"RSM00034273,"
RSM00034288,"RSM00034288,"
RSM00034289,"RSM00034289,"
RSM00034391,"RSM00034391,"
RSM00035007,"RSM00035007,"
RSM00027928,"RSM00027928,"
RSM00027930,"RSM00027930,"
RSM00034858,"RSM00034858,"
RSM00034949,"RSM00034949,"
RSM00034954,"RSM00034954,"
RSM00034958,"RSM00034958,"
RSM00034964,"RSM00034964,"
RSM00037036,"RSM00037036,"
RSM00037050,"RSM00037050,"
RSM00037054,"RSM00037054,"
RSM00037058,"RSM00037058,"
RSM00037061,"RSM00037061,"
RSM00037066,"RSM00037066,"
RSM00037123,"RSM00037123,"
RSM00034344,"RSM00034344,"
RSM00034432,"RSM00034432,"
RSM00034438,"RSM00034438,"
RSM00034445,"RSM00034445,"
RSM00034535,"RSM00034535,"
RSM00034545,"RSM00034545,"
RSM00034625,"RSM00034625,"
RSM00034635,"RSM00034635,"
RSM00034644,"RSM00034644,"
RSM00034646,"RSM00034646,"
RSM00034720,"RSM00034720,"
RSM00034723,"RSM00034723,"
RSM00034730,"RSM00034730,"
RSM00034740,"RSM00034740,"
RSM00034743,"RSM00034743,"
RSM00034747,"RSM00034747,"
RSM00034748,"RSM00034748,"
RSM00034753,"RSM00034753,"
RSM00034759,"RSM00034759,"
RSM00034727,"RSM00034727,"
RSM00034737,"RSM00034737,"
RSM00034824,"RSM00034824,"
RSM00034825,"RSM00034825,"
RSM00034838,"RSM00034838,"
RSM00034915,"RSM00034915,"
RSM00034922,"RSM00034922,"
RSM00034924,"RSM00034924,"
RSM00034927,"RSM00034927,"
RSM00034936,"RSM00034936,"
RSM00037000,"RSM00037000,"
RSM00037001,"RSM00037001,"
RSM00037004,"RSM00037004,"
RSM00037009,"RSM00037009,"
RSM00037013,"RSM00037013,"
RSM00037014,"RSM00037014,"
RSM00037017,"RSM00037017,"
RSM00037018,"RSM00037018,"
RSM00037031,"RSM00037031,"
RSM00037099,"RSM00037099,"
RSM00037107,"RSM00037107,"
RSM00037171,"RSM00037171,"
RSM00027848,"RSM00027848,"
RSM00027935,"RSM00027935,"
RSM00027947,"RSM00027947,"
RSM00027957,"RSM00027957,"
RSM00034047,"RSM00034047,"
RSM00034110,"RSM00034110,"
RSM00034116,"RSM00034116,"
RSM00034202,"RSM00034202,"
RSM00034213,"RSM00034213,"
RSM00034214,"RSM00034214,"
RSM00034321,"RSM00034321,"
