<?xml version="1.0" encoding="UTF-8"?>
<metadata xml:lang="en"><Esri><CreaDate>20190910</CreaDate><CreaTime>13385900</CreaTime><ArcGISFormat>1.0</ArcGISFormat><SyncOnce>TRUE</SyncOnce><DataProperties><lineage><Process ToolSource="c:\program files (x86)\arcgis\desktop10.6\ArcToolbox\Toolboxes\Data Management Tools.tbx\CalculateField" Date="20190910" Time="133859">CalculateField kaz_admbndl_ALL_2019_v2 AdmLevel 99 VB #</Process><Process ToolSource="c:\program files (x86)\arcgis\desktop10.6\ArcToolbox\Toolboxes\Data Management Tools.tbx\CalculateField" Date="20190910" Time="133935">CalculateField kaz_admbndl_ALL_2019_v2 AdmLevel 99 VB #</Process><Process ToolSource="c:\program files (x86)\arcgis\desktop10.6\ArcToolbox\Toolboxes\Data Management Tools.tbx\CalculateField" Date="20190910" Time="134016">CalculateField kaz_admbndl_ALL_2019_v2 AdmLevel 99 VB #</Process><Process ToolSource="c:\program files (x86)\arcgis\desktop10.6\ArcToolbox\Toolboxes\Data Management Tools.tbx\CalculateField" Date="20190910" Time="134106">CalculateField kaz_admbndl_ALL_2019_v2 AdmLevel 1 VB #</Process><Process ToolSource="c:\program files (x86)\arcgis\desktop10.6\ArcToolbox\Toolboxes\Data Management Tools.tbx\CalculateField" Date="20190910" Time="134208">CalculateField kaz_admbndl_ALL_2019_v2 AdmLevel 2 VB #</Process></lineage></DataProperties></Esri></metadata>
